id,title,productImgSrc,detailImgSrc,amount,originalAmount,sale,categoryId,createdAt,updatedAt
1,"티셔츠. 헐",public/image/product/big/1.jpg,public/image/product/detail/1.jpg,23000,0,0,10,"2021-08-17 00:52:26","2021-08-17 00:52:26"
2,"카드케이스. 덮어놓고 긁다보면",public/image/product/big/2.jpg,public/image/product/detail/2.jpg,8000,0,0,2,"2021-08-17 00:52:26","2021-08-17 00:52:26"
3,"마스크. 매너모드",public/image/product/big/3.jpg,public/image/product/detail/3.jpg,8000,0,0,2,"2021-08-17 00:52:26","2021-08-17 00:52:26"
4,"여권케이스. 여행하기 좋은여건 (화이트)",public/image/product/big/4.jpg,public/image/product/detail/4.jpg,12000,0,0,10,"2021-08-17 00:52:26","2021-08-17 00:52:26"
5,"뱃지. 초딩입맛 외 10종",public/image/product/big/5.jpg,public/image/product/detail/5.jpg,1500,0,0,10,"2021-08-17 00:52:26","2021-08-17 00:52:26"
6,"캐리어벨트. ㅋㅋㅋ",public/image/product/big/6.jpg,public/image/product/detail/6.jpg,16000,0,0,10,"2021-08-17 00:52:26","2021-08-17 00:52:26"
7,"수건. 너 먼저 씻어",public/image/product/big/7.jpg,public/image/product/detail/7.jpg,9900,0,0,2,"2021-08-17 00:52:26","2021-08-17 00:52:26"
8,"팝소켓. 뾱",public/image/product/big/8.jpg,public/image/product/detail/8.jpg,11900,0,0,10,"2021-08-17 00:52:26","2021-08-17 00:52:26"
9,"티셔츠. 연애중이면좋겠다",public/image/product/big/9.jpg,public/image/product/detail/9.jpg,23000,0,0,10,"2021-08-17 00:52:26","2021-08-17 00:52:26"
10,"연필꽂이. 머그컵같은연필꽂이",public/image/product/big/10.jpg,public/image/product/detail/10.jpg,9000,0,0,2,"2021-08-17 00:52:26","2021-08-17 00:52:26"
11,"노트. 연애중이면 좋겠다",public/image/product/big/11.jpg,public/image/product/detail/11.jpg,2500,0,0,10,"2021-08-17 00:52:26","2021-08-17 00:52:26"
12,"노트. 살찌는 것은 죄가 아니다",public/image/product/big/12.jpg,public/image/product/detail/12.jpg,2500,0,0,10,"2021-08-17 00:52:26","2021-08-17 00:52:26"
13,"노트. 굿",public/image/product/big/13.jpg,public/image/product/detail/13.jpg,2500,0,0,1,"2021-08-17 00:52:26","2021-08-17 00:52:26"
14,"USB. 이런십육기가",public/image/product/big/14.jpg,public/image/product/detail/14.jpg,38000,0,0,1,"2021-08-17 00:52:26","2021-08-17 00:52:26"
15,"미니카드. 배고프니까 청춘이다",public/image/product/big/15.jpg,public/image/product/detail/15.jpg,1500,0,0,10,"2021-08-17 00:52:26","2021-08-17 00:52:26"
16,"미니카드. 살찌는 것은 죄가 아니다",public/image/product/big/16.jpg,public/image/product/detail/16.jpg,1500,0,0,10,"2021-08-17 00:52:26","2021-08-17 00:52:26"
17,"노트. 청소를 안하면",public/image/product/big/17.jpg,public/image/product/detail/17.jpg,2500,0,0,1,"2021-08-17 00:52:26","2021-08-17 00:52:26"
18,"노트. 헐",public/image/product/big/18.jpg,public/image/product/detail/18.jpg,2500,0,0,1,"2021-08-17 00:52:26","2021-08-17 00:52:26"
19,"노트. 씻고자자",public/image/product/big/19.jpg,public/image/product/detail/19.jpg,2500,0,0,1,"2021-08-17 00:52:26","2021-08-17 00:52:26"
20,"볼펜. 나도 언젠간 쓸데가 있겠지",public/image/product/big/20.jpg,public/image/product/detail/20.jpg,2000,0,0,1,"2021-08-17 00:52:26","2021-08-17 00:52:26"
21,"손거울. 거울에 보이는것보다 이뻐요~",public/image/product/big/21.jpg,public/image/product/detail/21.jpg,8000,0,0,10,"2021-08-17 00:52:26","2021-08-17 00:52:26"
22,"에코백. 난너의든든한빽",public/image/product/big/22.jpg,public/image/product/detail/22.jpg,15000,0,0,10,"2021-08-17 00:52:26","2021-08-17 00:52:26"
23,"엽서. 헐",public/image/product/big/23.jpg,public/image/product/detail/23.jpg,1000,0,0,10,"2021-08-17 00:52:26","2021-08-17 00:52:26"
24,"엽서. 배고프니까 청춘이다",public/image/product/big/24.jpg,public/image/product/detail/24.jpg,1000,0,0,10,"2021-08-17 00:52:26","2021-08-17 00:52:26"
25,"엽서. 살찌는 것은 죄가 아니다",public/image/product/big/25.jpg,public/image/product/detail/25.jpg,1000,0,0,10,"2021-08-17 00:52:26","2021-08-17 00:52:26"
26,"티셔츠. 이끌든지 따르든지 비키든지",public/image/product/big/26.jpg,public/image/product/detail/26.jpg,23000,0,0,10,"2021-08-17 00:52:26","2021-08-17 00:52:26"
27,"클리너. 닦으면 비로소 보이는 것들",public/image/product/big/27.jpg,public/image/product/detail/27.jpg,3500,0,0,2,"2021-08-17 00:52:26","2021-08-17 00:52:26"
28,"파일. 교수님 사랑해요",public/image/product/big/28.jpg,public/image/product/detail/28.jpg,1500,0,0,1,"2021-08-17 00:52:26","2021-08-17 00:52:26"
29,"파일. 사장님이 최고예요",public/image/product/big/29.jpg,public/image/product/detail/29.jpg,1500,0,0,1,"2021-08-17 00:52:26","2021-08-17 00:52:26"
30,"(구.)볼펜세트. 어머 펜이에요~",public/image/product/big/30.jpg,public/image/product/detail/30.jpg,3500,0,0,10,"2021-08-17 00:52:26","2021-08-17 00:52:26"
31,"메모잇. 까먹지 말자",public/image/product/big/31.jpg,public/image/product/detail/31.jpg,2000,0,0,1,"2021-08-17 00:52:26","2021-08-17 00:52:26"
32,"티셔츠. 살찌는것은 죄가 아니다",public/image/product/big/32.jpg,public/image/product/detail/32.jpg,23000,0,0,10,"2021-08-17 00:52:26","2021-08-17 00:52:26"
33,"때수건. 다 때가 있다",public/image/product/big/33.jpg,public/image/product/detail/33.jpg,2000,0,0,2,"2021-08-17 00:52:26","2021-08-17 00:52:26"
34,"담요. 외롭지않아, 단지 추울뿐",public/image/product/big/34.jpg,public/image/product/detail/34.jpg,15000,0,0,10,"2021-08-17 00:52:26","2021-08-17 00:52:26"
35,"포스터. 배고프니까 청춘 외 16종",public/image/product/big/35.jpg,public/image/product/detail/35.jpg,3000,0,0,10,"2021-08-17 00:52:26","2021-08-17 00:52:26"
36,"네임택. 찜 (화이트)",public/image/product/big/36.jpg,public/image/product/detail/36.jpg,3000,0,0,2,"2021-08-17 00:52:26","2021-08-17 00:52:26"
37,"돗자리. 앉으면 내땅",public/image/product/big/37.jpg,public/image/product/detail/37.jpg,3000,0,0,2,"2021-08-17 00:52:26","2021-08-17 00:52:26"
38,"맨투맨. 헐",public/image/product/big/38.jpg,public/image/product/detail/38.jpg,38000,0,0,10,"2021-08-17 00:52:26","2021-08-17 00:52:26"
39,"미니카드. 굿",public/image/product/big/39.jpg,public/image/product/detail/39.jpg,1500,0,0,10,"2021-08-17 00:52:26","2021-08-17 00:52:26"
40,"지우개. 내 번호 지우지마",public/image/product/big/40.jpg,public/image/product/detail/40.jpg,1500,0,0,1,"2021-08-17 00:52:26","2021-08-17 00:52:26"
41,"양말. 내짝은 어디에",public/image/product/big/41.jpg,public/image/product/detail/41.jpg,3500,0,0,10,"2021-08-17 00:52:26","2021-08-17 00:52:26"
42,"양말. 왼발오른발",public/image/product/big/42.jpg,public/image/product/detail/42.jpg,3500,0,0,10,"2021-08-17 00:52:26","2021-08-17 00:52:26"
43,"파일. 팀장님 짱짱맨",public/image/product/big/43.jpg,public/image/product/detail/43.jpg,1500,0,0,1,"2021-08-17 00:52:26","2021-08-17 00:52:26"
44,미니노트세트(5개입),public/image/product/big/44.jpg,public/image/product/detail/44.jpg,4500,0,0,10,"2021-08-17 00:52:26","2021-08-17 00:52:26"
45,"링노트. 이끌든지 따르든지 비키든지",public/image/product/big/45.jpg,public/image/product/detail/45.jpg,2000,0,0,1,"2021-08-17 00:52:26","2021-08-17 00:52:26"
46,"링노트. 청소를 안하면",public/image/product/big/46.jpg,public/image/product/detail/46.jpg,2000,0,0,1,"2021-08-17 00:52:26","2021-08-17 00:52:26"
47,"링노트. 헐",public/image/product/big/47.jpg,public/image/product/detail/47.jpg,2000,0,0,1,"2021-08-17 00:52:26","2021-08-17 00:52:26"
48,"링노트. 오늘 먹을 치킨",public/image/product/big/48.jpg,public/image/product/detail/48.jpg,2000,0,0,1,"2021-08-17 00:52:26","2021-08-17 00:52:26"
49,"링노트. 못해솔로",public/image/product/big/49.jpg,public/image/product/detail/49.jpg,2000,0,0,10,"2021-08-17 00:52:26","2021-08-17 00:52:26"
50,"여권케이스. 여행하기 좋은여건 (블랙)",public/image/product/big/50.jpg,public/image/product/detail/50.jpg,12000,0,0,10,"2021-08-17 00:52:26","2021-08-17 00:52:26"
51,"목베개. 여기목좋아요",public/image/product/big/51.jpg,public/image/product/detail/51.jpg,12000,0,0,2,"2021-08-17 00:52:26","2021-08-17 00:52:26"
52,"네임택. 찜 (블랙)",public/image/product/big/52.jpg,public/image/product/detail/52.jpg,4500,0,0,2,"2021-08-17 00:52:26","2021-08-17 00:52:26"
53,"부채. 수동바람 태풍바람",public/image/product/big/53.jpg,public/image/product/detail/53.jpg,4500,0,0,2,"2021-08-17 00:52:26","2021-08-17 00:52:26"
54,"부채. 힘에부침 셀프냉방",public/image/product/big/54.jpg,public/image/product/detail/54.jpg,4500,0,0,2,"2021-08-17 00:52:26","2021-08-17 00:52:26"
55,"안대. 깨우면안대",public/image/product/big/55.jpg,public/image/product/detail/55.jpg,4500,0,0,2,"2021-08-17 00:52:26","2021-08-17 00:52:26"
56,"연필. 흑심있어요",public/image/product/big/56.jpg,public/image/product/detail/56.jpg,1000,0,0,1,"2021-08-17 00:52:26","2021-08-17 00:52:26"
57,"맨투맨. 헐 블랙",public/image/product/big/57.jpg,public/image/product/detail/57.jpg,38000,0,0,10,"2021-08-17 00:52:26","2021-08-17 00:52:26"
58,"미니카드. 효도하자",public/image/product/big/58.jpg,public/image/product/detail/58.jpg,1500,0,0,10,"2021-08-17 00:52:26","2021-08-17 00:52:26"
59,"엽서. 청소를 안하면",public/image/product/big/59.jpg,public/image/product/detail/59.jpg,1000,0,0,10,"2021-08-17 00:52:26","2021-08-17 00:52:26"
60,"엽서. 굿(원형)",public/image/product/big/60.jpg,public/image/product/detail/60.jpg,1000,0,0,10,"2021-08-17 00:52:26","2021-08-17 00:52:26"
61,"엽서. 오늘먹을치킨을",public/image/product/big/61.jpg,public/image/product/detail/61.jpg,1000,0,0,10,"2021-08-17 00:52:26","2021-08-17 00:52:26"
62,"비치볼. 나잡아봐라",public/image/product/big/62.jpg,public/image/product/detail/62.jpg,1000,0,0,2,"2021-08-17 00:52:26","2021-08-17 00:52:26"
63,"튜브. 니가 자꾸 떠올라",public/image/product/big/63.jpg,public/image/product/detail/63.jpg,1000,0,0,2,"2021-08-17 00:52:26","2021-08-17 00:52:26"
64,"방수팩. 방수모드",public/image/product/big/64.jpg,public/image/product/detail/64.jpg,5500,0,0,10,"2021-08-17 00:52:26","2021-08-17 00:52:26"
65,"지퍼백. 닦고자자",public/image/product/big/65.jpg,public/image/product/detail/65.jpg,5500,0,0,2,"2021-08-17 00:52:26","2021-08-17 00:52:26"
66,"미니선풍기. 나의작은바람",public/image/product/big/66.jpg,public/image/product/detail/66.jpg,4500,0,0,10,"2021-08-17 00:52:26","2021-08-17 00:52:26"
67,"비치타월. 누가나좀말려줘요",public/image/product/big/67.jpg,public/image/product/detail/67.jpg,4500,0,0,2,"2021-08-17 00:52:26","2021-08-17 00:52:26"
68,"접기 편한 돗자리. 앉으면내땅",public/image/product/big/68.jpg,public/image/product/detail/68.jpg,8000,0,0,2,"2021-08-17 00:52:26","2021-08-17 00:52:26"
69,"포켓 돗자리. 앉으면내땅",public/image/product/big/69.jpg,public/image/product/detail/69.jpg,15900,0,0,2,"2021-08-17 00:52:26","2021-08-17 00:52:26"
70,"지퍼백. 청소를안하면",public/image/product/big/70.jpg,public/image/product/detail/70.jpg,15900,0,0,2,"2021-08-17 00:52:26","2021-08-17 00:52:26"
71,"지퍼백. 씻고자자",public/image/product/big/71.jpg,public/image/product/detail/71.jpg,15900,0,0,2,"2021-08-17 00:52:26","2021-08-17 00:52:26"
72,"엽서. 축",public/image/product/big/72.jpg,public/image/product/detail/72.jpg,1000,0,0,1,"2021-08-17 00:52:26","2021-08-17 00:52:26"
73,"돈봉투. 감사",public/image/product/big/73.jpg,public/image/product/detail/73.jpg,2500,0,0,1,"2021-08-17 00:52:26","2021-08-17 00:52:26"
74,"엽서. 굿",public/image/product/big/74.jpg,public/image/product/detail/74.jpg,1000,0,0,1,"2021-08-17 00:52:26","2021-08-17 00:52:26"
75,"엽서. 복",public/image/product/big/75.jpg,public/image/product/detail/75.jpg,1000,0,0,1,"2021-08-17 00:52:26","2021-08-17 00:52:26"
76,"에코백. 난너의든든한빽 (블랙)",public/image/product/big/76.jpg,public/image/product/detail/76.jpg,15000,0,0,10,"2021-08-17 00:52:26","2021-08-17 00:52:26"
77,"맥주잔. 비워도다시한번",public/image/product/big/77.jpg,public/image/product/detail/77.jpg,15000,0,0,2,"2021-08-17 00:52:26","2021-08-17 00:52:26"
78,"CU X 배달의민족. 흔드는 핫팩",public/image/product/big/78.jpg,public/image/product/detail/78.jpg,15000,0,0,9,"2021-08-17 00:52:26","2021-08-17 00:52:26"
79,"CU X 배달의민족. 붙이는 핫팩",public/image/product/big/79.jpg,public/image/product/detail/79.jpg,15000,0,0,9,"2021-08-17 00:52:26","2021-08-17 00:52:26"
80,"(구.) 컴퓨터싸인펜. 오늘이 전설이 될 것이다",public/image/product/big/80.jpg,public/image/product/detail/80.jpg,1000,0,0,10,"2021-08-17 00:52:26","2021-08-17 00:52:26"
81,"2017 일력. 365일 잘먹고 잘살자",public/image/product/big/81.jpg,public/image/product/detail/81.jpg,1000,0,0,10,"2021-08-17 00:52:26","2021-08-17 00:52:26"
82,"스티커. 취급주의",public/image/product/big/82.jpg,public/image/product/detail/82.jpg,1500,0,0,1,"2021-08-17 00:52:26","2021-08-17 00:52:26"
83,열쇠고리.헐,public/image/product/big/83.jpg,public/image/product/detail/83.jpg,1500,0,0,2,"2021-08-17 00:52:26","2021-08-17 00:52:26"
84,"USB. 이런십육기가",public/image/product/big/84.jpg,public/image/product/detail/84.jpg,1500,0,0,1,"2021-08-17 00:52:26","2021-08-17 00:52:26"
85,"레터링시트지. 지켜보고 있다",public/image/product/big/85.jpg,public/image/product/detail/85.jpg,4000,0,0,2,"2021-08-17 00:52:26","2021-08-17 00:52:26"
86,"박스테이프. 두근두근",public/image/product/big/86.jpg,public/image/product/detail/86.jpg,4500,0,0,1,"2021-08-17 00:52:26","2021-08-17 00:52:26"
87,"파티픽 세트",public/image/product/big/87.jpg,public/image/product/detail/87.jpg,2500,0,0,2,"2021-08-17 00:52:26","2021-08-17 00:52:26"
88,"축구공. 뻥",public/image/product/big/88.jpg,public/image/product/detail/88.jpg,2500,0,0,9,"2021-08-17 00:52:26","2021-08-17 00:52:26"
89,"돈봉투 골드에디션. 용돈",public/image/product/big/89.jpg,public/image/product/detail/89.jpg,3500,0,0,1,"2021-08-17 00:52:26","2021-08-17 00:52:26"
90,"마스킹테이프 set",public/image/product/big/90.jpg,public/image/product/detail/90.jpg,3900,0,0,1,"2021-08-17 00:52:26","2021-08-17 00:52:26"
91,"뱃지. 치킨",public/image/product/big/91.jpg,public/image/product/detail/91.jpg,5500,0,0,2,"2021-08-17 00:52:26","2021-08-17 00:52:26"
92,"뱃지. 피자",public/image/product/big/92.jpg,public/image/product/detail/92.jpg,5500,0,0,2,"2021-08-17 00:52:26","2021-08-17 00:52:26"
93,"생활공감 에코백. 제가요",public/image/product/big/93.jpg,public/image/product/detail/93.jpg,15000,0,0,2,"2021-08-17 00:52:26","2021-08-17 00:52:26"
94,"락앤락 X 배달의민족. 용기가 필요해",public/image/product/big/94.jpg,public/image/product/detail/94.jpg,15000,0,0,9,"2021-08-17 00:52:26","2021-08-17 00:52:26"
95,"72초TV. 까마귀상가 법전키트",public/image/product/big/95.jpg,public/image/product/detail/95.jpg,15000,0,0,10,"2021-08-17 00:52:26","2021-08-17 00:52:26"
96,배민다움,public/image/product/big/96.jpg,public/image/product/detail/96.jpg,15000,0,0,3,"2021-08-17 00:52:26","2021-08-17 00:52:26"
97,"생활공감 노트. 제가요",public/image/product/big/97.jpg,public/image/product/detail/97.jpg,2500,0,0,1,"2021-08-17 00:52:26","2021-08-17 00:52:26"
98,"이천십칠 배민다이어리",public/image/product/big/98.jpg,public/image/product/detail/98.jpg,2500,0,0,10,"2021-08-17 00:52:26","2021-08-17 00:52:26"
99,"배짱이 1기, 2기 스페셜패키지",public/image/product/big/99.jpg,public/image/product/detail/99.jpg,2500,0,0,10,"2021-08-17 00:52:26","2021-08-17 00:52:26"
100,"제 1회 배민 치믈리에 자격시험",public/image/product/big/100.jpg,public/image/product/detail/100.jpg,2500,0,0,10,"2021-08-17 00:52:26","2021-08-17 00:52:26"
101,"파티컵세트 (10입)",public/image/product/big/101.jpg,public/image/product/detail/101.jpg,3000,0,0,10,"2021-08-17 00:52:26","2021-08-17 00:52:26"
102,"쇼핑백. 뭘 이런걸 다",public/image/product/big/102.jpg,public/image/product/detail/102.jpg,1500,0,0,10,"2021-08-17 00:52:26","2021-08-17 00:52:26"
103,"배민문방구 황금연휴 배송지연공지",public/image/product/big/103.jpg,public/image/product/detail/103.jpg,1500,0,0,10,"2021-08-17 00:52:26","2021-08-17 00:52:26"
104,"오늘은 불닭볶음면이 땡긴다",public/image/product/big/104.jpg,public/image/product/detail/104.jpg,1500,0,0,9,"2021-08-17 00:52:26","2021-08-17 00:52:26"
105,"목욕감 목욕선물세트",public/image/product/big/105.jpg,public/image/product/detail/105.jpg,1500,0,0,9,"2021-08-17 00:52:26","2021-08-17 00:52:26"
106,"이빨청춘 칫솔치약세트",public/image/product/big/106.jpg,public/image/product/detail/106.jpg,1500,0,0,9,"2021-08-17 00:52:26","2021-08-17 00:52:26"
107,"CU X 배달의민족. 여행용세트",public/image/product/big/107.jpg,public/image/product/detail/107.jpg,1500,0,0,9,"2021-08-17 00:52:26","2021-08-17 00:52:26"
108,"2018 일력. 날이면 날마다",public/image/product/big/108.jpg,public/image/product/detail/108.jpg,1500,0,0,10,"2021-08-17 00:52:26","2021-08-17 00:52:26"
109,"레터링시트지. 쉽고, 명확하고, 위트있게",public/image/product/big/109.jpg,public/image/product/detail/109.jpg,4000,0,0,2,"2021-08-17 00:52:26","2021-08-17 00:52:26"
110,"CU X 배달의민족. 방한용품 8종",public/image/product/big/110.jpg,public/image/product/detail/110.jpg,4000,0,0,9,"2021-08-17 00:52:26","2021-08-17 00:52:26"
111,"배민문방구 새해선물세트",public/image/product/big/111.jpg,public/image/product/detail/111.jpg,4000,0,0,10,"2021-08-17 00:52:26","2021-08-17 00:52:26"
112,"똑똑똑 실내홥니다",public/image/product/big/112.jpg,public/image/product/detail/112.jpg,4000,0,0,9,"2021-08-17 00:52:26","2021-08-17 00:52:26"
113,"치약. 이빨청춘",public/image/product/big/113.jpg,public/image/product/detail/113.jpg,4000,0,0,9,"2021-08-17 00:52:26","2021-08-17 00:52:26"
114,"칫솔. 이쓸 때 잘해",public/image/product/big/114.jpg,public/image/product/detail/114.jpg,4000,0,0,9,"2021-08-17 00:52:26","2021-08-17 00:52:26"
115,"세븐일레븐X배달의민족. 웃기는젤리",public/image/product/big/115.jpg,public/image/product/detail/115.jpg,4000,0,0,9,"2021-08-17 00:52:26","2021-08-17 00:52:26"
116,"매거진F No.01 salt 스페셜 패키지",public/image/product/big/116.jpg,public/image/product/detail/116.jpg,4000,0,0,3,"2021-08-17 00:52:26","2021-08-17 00:52:26"
117,"돈봉투 블랙에디션. 용돈",public/image/product/big/117.jpg,public/image/product/detail/117.jpg,2500,0,0,10,"2021-08-17 00:52:26","2021-08-17 00:52:26"
118,"넛때문이야. 아몬드",public/image/product/big/118.jpg,public/image/product/detail/118.jpg,2500,0,0,9,"2021-08-17 00:52:26","2021-08-17 00:52:26"
119,"배짱이 3기 스페셜패키지",public/image/product/big/119.jpg,public/image/product/detail/119.jpg,2500,0,0,10,"2021-08-17 00:52:26","2021-08-17 00:52:26"
120,"[한정판] 배짱이 노트 set",public/image/product/big/120.jpg,public/image/product/detail/120.jpg,4500,0,0,10,"2021-08-17 00:52:26","2021-08-17 00:52:26"
121,"[한정판] 배짱이 레터링시트지 set",public/image/product/big/121.jpg,public/image/product/detail/121.jpg,5000,0,0,10,"2021-08-17 00:52:26","2021-08-17 00:52:26"
122,"[한정판] 배짱이 돗자리",public/image/product/big/122.jpg,public/image/product/detail/122.jpg,11900,0,0,10,"2021-08-17 00:52:26","2021-08-17 00:52:26"
123,"맥주짠 세트",public/image/product/big/123.jpg,public/image/product/detail/123.jpg,10900,0,0,8,"2021-08-17 00:52:26","2021-08-17 00:52:26"
124,"매거진F No.01 salt",public/image/product/big/124.jpg,public/image/product/detail/124.jpg,13500,15000,10,3,"2021-08-17 00:52:26","2021-08-17 00:52:26"
125,"보드마카. 막상마카",public/image/product/big/125.jpg,public/image/product/detail/125.jpg,13500,0,0,10,"2021-08-17 00:52:26","2021-08-17 00:52:26"
126,"캐리어커버. 짐캐리",public/image/product/big/126.jpg,public/image/product/detail/126.jpg,13500,0,0,10,"2021-08-17 00:52:26","2021-08-17 00:52:26"
127,"세븐일레븐X배달의민족. 얼음땡",public/image/product/big/127.jpg,public/image/product/detail/127.jpg,13500,0,0,9,"2021-08-17 00:52:26","2021-08-17 00:52:26"
128,"매거진F No.02 cheese",public/image/product/big/128.jpg,public/image/product/detail/128.jpg,13500,15000,10,3,"2021-08-17 00:52:26","2021-08-17 00:52:26"
129,"세븐일레븐X배민. 주문하신 커피 5종",public/image/product/big/129.jpg,public/image/product/detail/129.jpg,13500,0,0,9,"2021-08-17 00:52:26","2021-08-17 00:52:26"
130,"제 2회 배민 치믈리에 자격시험 (7/5)",public/image/product/big/130.jpg,public/image/product/detail/130.jpg,5000,0,0,10,"2021-08-17 00:52:26","2021-08-17 00:52:26"
131,"제 2회 배민 치믈리에 자격시험 (7/10)",public/image/product/big/131.jpg,public/image/product/detail/131.jpg,5000,0,0,10,"2021-08-17 00:52:26","2021-08-17 00:52:26"
132,"제 2회 배민 치믈리에 자격시험 (7/12)",public/image/product/big/132.jpg,public/image/product/detail/132.jpg,5000,0,0,10,"2021-08-17 00:52:26","2021-08-17 00:52:26"
133,"[EVENT] 아, 시원하다~",public/image/product/big/133.jpg,public/image/product/detail/133.jpg,5000,0,0,10,"2021-08-17 00:52:26","2021-08-17 00:52:26"
134,치슐랭가이드,public/image/product/big/134.jpg,public/image/product/detail/134.jpg,11520,12800,10,3,"2021-08-17 00:52:26","2021-08-17 00:52:26"
135,"매거진F No.03 chicken",public/image/product/big/135.jpg,public/image/product/detail/135.jpg,13500,15000,10,3,"2021-08-17 00:52:26","2021-08-17 00:52:26"
136,"씻고자자 목욕선물세트",public/image/product/big/136.jpg,public/image/product/detail/136.jpg,13500,0,0,9,"2021-08-17 00:52:26","2021-08-17 00:52:26"
137,"효자손. 혼자서도 잘해요",public/image/product/big/137.jpg,public/image/product/detail/137.jpg,12900,0,0,8,"2021-08-17 00:52:26","2021-08-17 00:52:26"
138,"추석연휴 배송공지",public/image/product/big/138.jpg,public/image/product/detail/138.jpg,12900,0,0,10,"2021-08-17 00:52:26","2021-08-17 00:52:26"
139,"매거진F No.04 Tomato",public/image/product/big/139.jpg,public/image/product/detail/139.jpg,13500,15000,10,3,"2021-08-17 00:52:26","2021-08-17 00:52:26"
140,"무릎담요. 외롭지 않아 단지 추울 뿐",public/image/product/big/140.jpg,public/image/product/detail/140.jpg,13500,0,0,2,"2021-08-17 00:52:26","2021-08-17 00:52:26"
141,"더부스X배달의민족. 치믈리에일",public/image/product/big/141.jpg,public/image/product/detail/141.jpg,13500,0,0,9,"2021-08-17 00:52:26","2021-08-17 00:52:26"
142,"컴퓨터싸인펜. 오늘이 전설이 될 것이다",public/image/product/big/142.jpg,public/image/product/detail/142.jpg,1000,0,0,1,"2021-08-17 00:52:26","2021-08-17 00:52:26"
143,"더부스X배달의민족. 치믈리에일 맥주잔",public/image/product/big/143.jpg,public/image/product/detail/143.jpg,1000,0,0,9,"2021-08-17 00:52:26","2021-08-17 00:52:26"
144,"2019 일력. 여기여기 붙어라",public/image/product/big/144.jpg,public/image/product/detail/144.jpg,1000,0,0,10,"2021-08-17 00:52:26","2021-08-17 00:52:26"
145,"매거진F No.05 Rice",public/image/product/big/145.jpg,public/image/product/detail/145.jpg,13500,15000,10,3,"2021-08-17 00:52:26","2021-08-17 00:52:26"
146,"이게 다 넛때문이야. 선물세트",public/image/product/big/146.jpg,public/image/product/detail/146.jpg,13500,0,0,9,"2021-08-17 00:52:26","2021-08-17 00:52:26"
147,"연말 배송공지",public/image/product/big/147.jpg,public/image/product/detail/147.jpg,13500,0,0,10,"2021-08-17 00:52:26","2021-08-17 00:52:26"
148,"장기하와 얼굴들. 노트 세트 (5개입)",public/image/product/big/148.jpg,public/image/product/detail/148.jpg,12000,0,0,9,"2021-08-17 00:52:26","2021-08-17 00:52:26"
149,"돈봉투. 새해 복 (화이트/블랙)",public/image/product/big/149.jpg,public/image/product/detail/149.jpg,12000,0,0,9,"2021-08-17 00:52:26","2021-08-17 00:52:26"
150,"장기하와 얼굴들. 마스킹테이프 세트",public/image/product/big/150.jpg,public/image/product/detail/150.jpg,5500,0,0,9,"2021-08-17 00:52:26","2021-08-17 00:52:26"
151,"난방비 걱정없는. 핫팩 세트",public/image/product/big/151.jpg,public/image/product/detail/151.jpg,5500,0,0,9,"2021-08-17 00:52:26","2021-08-17 00:52:26"
152,"볼펜세트. 어머 펜이에요~",public/image/product/big/152.jpg,public/image/product/detail/152.jpg,3500,0,0,8,"2021-08-17 00:52:26","2021-08-17 00:52:26"
153,"설날 배송공지 ",public/image/product/big/153.jpg,public/image/product/detail/153.jpg,3500,0,0,10,"2021-08-17 00:52:26","2021-08-17 00:52:26"
154,"매거진F No.06 Chocolate",public/image/product/big/154.jpg,public/image/product/detail/154.jpg,13500,15000,10,3,"2021-08-17 00:52:26","2021-08-17 00:52:26"
155,"누가 나 좀 말려줘요. 수건세트",public/image/product/big/155.jpg,public/image/product/detail/155.jpg,25000,0,0,8,"2021-08-17 00:52:26","2021-08-17 00:52:26"
156,"배달이 팝업북. 버거나라 삼남매",public/image/product/big/156.jpg,public/image/product/detail/156.jpg,25000,0,0,9,"2021-08-17 00:52:26","2021-08-17 00:52:26"
157,"1만명 기념. 깜짝 이벤트",public/image/product/big/157.jpg,public/image/product/detail/157.jpg,10000,0,0,10,"2021-08-17 00:52:26","2021-08-17 00:52:26"
158,"서디페. 마스킹 테이프",public/image/product/big/158.jpg,public/image/product/detail/158.jpg,6000,0,0,1,"2021-08-17 00:52:26","2021-08-17 00:52:26"
159,"매거진F No.07 Vinegar",public/image/product/big/159.jpg,public/image/product/detail/159.jpg,13500,15000,10,3,"2021-08-17 00:52:26","2021-08-17 00:52:26"
160,"오뚜기X배달의민족. 사골곰탕",public/image/product/big/160.jpg,public/image/product/detail/160.jpg,13500,0,0,9,"2021-08-17 00:52:26","2021-08-17 00:52:26"
161,"매거진F No.08 Honey",public/image/product/big/161.jpg,public/image/product/detail/161.jpg,13500,15000,10,3,"2021-08-17 00:52:26","2021-08-17 00:52:26"
162,"물놀이 세트",public/image/product/big/162.jpg,public/image/product/detail/162.jpg,15000,32500,53,10,"2021-08-17 00:52:26","2021-08-17 00:52:26"
163,"반반휴지. 물반휴지반",public/image/product/big/163.jpg,public/image/product/detail/163.jpg,1500,0,0,2,"2021-08-17 00:52:26","2021-08-17 00:52:26"
164,ㅋㅋ슬리퍼,public/image/product/big/164.jpg,public/image/product/detail/164.jpg,1500,0,0,10,"2021-08-17 00:52:26","2021-08-17 00:52:26"
165,"ㅋㅋ반팔티셔츠 화이트",public/image/product/big/165.jpg,public/image/product/detail/165.jpg,25000,0,0,5,"2021-08-17 00:52:26","2021-08-17 00:52:26"
166,"ㅋㅋ안 보이는 양말",public/image/product/big/166.jpg,public/image/product/detail/166.jpg,4000,0,0,10,"2021-08-17 00:52:26","2021-08-17 00:52:26"
167,ㅋㅋ캐리어벨트,public/image/product/big/167.jpg,public/image/product/detail/167.jpg,14000,0,0,5,"2021-08-17 00:52:26","2021-08-17 00:52:26"
168,ㅋㅋ폰케이스,public/image/product/big/168.jpg,public/image/product/detail/168.jpg,16000,0,0,5,"2021-08-17 00:52:26","2021-08-17 00:52:26"
169,"ㅋㅋ안 보이는 양말 5개 세트",public/image/product/big/169.jpg,public/image/product/detail/169.jpg,19000,20000,5,10,"2021-08-17 00:52:26","2021-08-17 00:52:26"
170,"매거진F 아트 북",public/image/product/big/170.jpg,public/image/product/detail/170.jpg,42300,47000,10,3,"2021-08-17 00:52:26","2021-08-17 00:52:26"
171,"매거진F No.09 Curry",public/image/product/big/171.jpg,public/image/product/detail/171.jpg,13500,15000,10,3,"2021-08-17 00:52:26","2021-08-17 00:52:26"
172,"일기장. 쓰고 자자",public/image/product/big/172.jpg,public/image/product/detail/172.jpg,3000,0,0,1,"2021-08-17 00:52:26","2021-08-17 00:52:26"
173,"세븐일레븐X배달의민족. 눈물나는젤리",public/image/product/big/173.jpg,public/image/product/detail/173.jpg,3000,0,0,9,"2021-08-17 00:52:26","2021-08-17 00:52:26"
174,"매거진F No.10 Berry",public/image/product/big/174.jpg,public/image/product/detail/174.jpg,13500,15000,10,3,"2021-08-17 00:52:26","2021-08-17 00:52:26"
175,"돈봉투. 축하",public/image/product/big/175.jpg,public/image/product/detail/175.jpg,2500,0,0,1,"2021-08-17 00:52:26","2021-08-17 00:52:26"
176,"돈봉투. 용돈",public/image/product/big/176.jpg,public/image/product/detail/176.jpg,2500,0,0,1,"2021-08-17 00:52:26","2021-08-17 00:52:26"
177,"돈봉투. 효도",public/image/product/big/177.jpg,public/image/product/detail/177.jpg,2500,0,0,1,"2021-08-17 00:52:26","2021-08-17 00:52:26"
178,"돈봉투. 사랑",public/image/product/big/178.jpg,public/image/product/detail/178.jpg,2500,0,0,1,"2021-08-17 00:52:26","2021-08-17 00:52:26"
179,"돈봉투. 골드에디션 효도",public/image/product/big/179.jpg,public/image/product/detail/179.jpg,3500,0,0,1,"2021-08-17 00:52:26","2021-08-17 00:52:26"
180,"스티커. 대한민국",public/image/product/big/180.jpg,public/image/product/detail/180.jpg,1500,0,0,10,"2021-08-17 00:52:26","2021-08-17 00:52:26"
181,"스티커. 봉인해제",public/image/product/big/181.jpg,public/image/product/detail/181.jpg,1500,0,0,1,"2021-08-17 00:52:26","2021-08-17 00:52:26"
182,"스티커. 비상구",public/image/product/big/182.jpg,public/image/product/detail/182.jpg,1500,0,0,1,"2021-08-17 00:52:26","2021-08-17 00:52:26"
183,"스티커. 접근금지",public/image/product/big/183.jpg,public/image/product/detail/183.jpg,1500,0,0,1,"2021-08-17 00:52:26","2021-08-17 00:52:26"
184,"스티커. 지켜보고있다",public/image/product/big/184.jpg,public/image/product/detail/184.jpg,1500,0,0,1,"2021-08-17 00:52:26","2021-08-17 00:52:26"
185,"스티커. 흠집보호",public/image/product/big/185.jpg,public/image/product/detail/185.jpg,1500,0,0,1,"2021-08-17 00:52:26","2021-08-17 00:52:26"
186,"쇼핑백. 축복",public/image/product/big/186.jpg,public/image/product/detail/186.jpg,1500,0,0,10,"2021-08-17 00:52:26","2021-08-17 00:52:26"
187,"박스테이프. 60초 후에",public/image/product/big/187.jpg,public/image/product/detail/187.jpg,4500,0,0,1,"2021-08-17 00:52:26","2021-08-17 00:52:26"
188,"레터링시트지. 큰일을 해결하면",public/image/product/big/188.jpg,public/image/product/detail/188.jpg,4000,0,0,2,"2021-08-17 00:52:26","2021-08-17 00:52:26"
189,"레터링시트지. 오늘이 전설이 될 것이다",public/image/product/big/189.jpg,public/image/product/detail/189.jpg,4000,0,0,2,"2021-08-17 00:52:26","2021-08-17 00:52:26"
190,"레터링시트지. 누군가의 꿈이 되는",public/image/product/big/190.jpg,public/image/product/detail/190.jpg,4000,0,0,2,"2021-08-17 00:52:26","2021-08-17 00:52:26"
191,"레터링시트지. 가슴은 뜨겁게",public/image/product/big/191.jpg,public/image/product/detail/191.jpg,4000,0,0,2,"2021-08-17 00:52:26","2021-08-17 00:52:26"
192,"레터링시트지. 우린 아직 젊기에",public/image/product/big/192.jpg,public/image/product/detail/192.jpg,4000,0,0,2,"2021-08-17 00:52:26","2021-08-17 00:52:26"
193,"레터링시트지. 휴가에는 사유가 없습니다",public/image/product/big/193.jpg,public/image/product/detail/193.jpg,4000,0,0,2,"2021-08-17 00:52:26","2021-08-17 00:52:26"
194,"숫자픽 세트",public/image/product/big/194.jpg,public/image/product/detail/194.jpg,2500,0,0,2,"2021-08-17 00:52:26","2021-08-17 00:52:26"
195,"생활공감 노트. 우유부단",public/image/product/big/195.jpg,public/image/product/detail/195.jpg,2500,0,0,1,"2021-08-17 00:52:26","2021-08-17 00:52:26"
196,"생활공감 노트. 따지고보면",public/image/product/big/196.jpg,public/image/product/detail/196.jpg,2500,0,0,1,"2021-08-17 00:52:26","2021-08-17 00:52:26"
197,"생활공감 노트. 아 저는 뭐",public/image/product/big/197.jpg,public/image/product/detail/197.jpg,2500,0,0,1,"2021-08-17 00:52:26","2021-08-17 00:52:26"
198,"넛때문이야. 호두",public/image/product/big/198.jpg,public/image/product/detail/198.jpg,2500,0,0,9,"2021-08-17 00:52:26","2021-08-17 00:52:26"
199,"넛때문이야. 캐슈넛",public/image/product/big/199.jpg,public/image/product/detail/199.jpg,2500,0,0,9,"2021-08-17 00:52:26","2021-08-17 00:52:26"
200,"기름종이 있어?",public/image/product/big/200.jpg,public/image/product/detail/200.jpg,2700,0,0,2,"2021-08-17 00:52:26","2021-08-17 00:52:26"
201,"머리끈 있어?",public/image/product/big/201.jpg,public/image/product/detail/201.jpg,1500,0,0,2,"2021-08-17 00:52:26","2021-08-17 00:52:26"
202,"스탠드그립. 뾱",public/image/product/big/202.jpg,public/image/product/detail/202.jpg,8900,0,0,2,"2021-08-17 00:52:26","2021-08-17 00:52:26"
203,"실핀 있어?",public/image/product/big/203.jpg,public/image/product/detail/203.jpg,2300,0,0,2,"2021-08-17 00:52:26","2021-08-17 00:52:26"
204,"스탠드그립. 캬",public/image/product/big/204.jpg,public/image/product/detail/204.jpg,8900,0,0,2,"2021-08-17 00:52:26","2021-08-17 00:52:26"
205,ㅋㅋ스탠드그립,public/image/product/big/205.jpg,public/image/product/detail/205.jpg,8900,0,0,5,"2021-08-17 00:52:26","2021-08-17 00:52:26"
206,"2020 일력. 오늘이 전설이 될 것이다",public/image/product/big/206.jpg,public/image/product/detail/206.jpg,8900,0,0,10,"2021-08-17 00:52:26","2021-08-17 00:52:26"
207,"2020 다이어리. 오늘이 전설이 될 것이다",public/image/product/big/207.jpg,public/image/product/detail/207.jpg,8900,0,0,10,"2021-08-17 00:52:26","2021-08-17 00:52:26"
208,"ㅋㅋ젤리폰케이스+스티커 세트",public/image/product/big/208.jpg,public/image/product/detail/208.jpg,16000,0,0,5,"2021-08-17 00:52:26","2021-08-17 00:52:26"
209,"매거진F No.11 Bean",public/image/product/big/209.jpg,public/image/product/detail/209.jpg,13500,15000,10,3,"2021-08-17 00:52:26","2021-08-17 00:52:26"
210,"ㅋㅋ슬리퍼 블랙",public/image/product/big/210.jpg,public/image/product/detail/210.jpg,21000,0,0,5,"2021-08-17 00:52:26","2021-08-17 00:52:26"
211,"ㅋㅋ슬리퍼 화이트",public/image/product/big/211.jpg,public/image/product/detail/211.jpg,21000,0,0,5,"2021-08-17 00:52:26","2021-08-17 00:52:26"
212,"헤어롤 있어?",public/image/product/big/212.jpg,public/image/product/detail/212.jpg,1200,0,0,2,"2021-08-17 00:52:26","2021-08-17 00:52:26"
213,"빗 있어?",public/image/product/big/213.jpg,public/image/product/detail/213.jpg,1500,0,0,2,"2021-08-17 00:52:26","2021-08-17 00:52:26"
214,"거울 있어?",public/image/product/big/214.jpg,public/image/product/detail/214.jpg,4500,0,0,2,"2021-08-17 00:52:26","2021-08-17 00:52:26"
215,"0원 박스",public/image/product/big/215.jpg,public/image/product/detail/215.jpg,0,0,0,10,"2021-08-17 00:52:26","2021-08-17 00:52:26"
216,"미니언즈X배달의민족. 혼밥식기세트",public/image/product/big/216.jpg,public/image/product/detail/216.jpg,0,0,0,9,"2021-08-17 00:52:26","2021-08-17 00:52:26"
217,"일기장 세트. 쓰고 자자",public/image/product/big/217.jpg,public/image/product/detail/217.jpg,0,0,0,1,"2021-08-17 00:52:26","2021-08-17 00:52:26"
218,"메모잇. 진짜 까먹지 말자",public/image/product/big/218.jpg,public/image/product/detail/218.jpg,1500,0,0,1,"2021-08-17 00:52:26","2021-08-17 00:52:26"
219,"잘나가요 세트",public/image/product/big/219.jpg,public/image/product/detail/219.jpg,15000,0,0,8,"2021-08-17 00:52:26","2021-08-17 00:52:26"
220,"파일. 아 보람차다",public/image/product/big/220.jpg,public/image/product/detail/220.jpg,1500,0,0,1,"2021-08-17 00:52:26","2021-08-17 00:52:26"
221,"파일. 까먹지 말자",public/image/product/big/221.jpg,public/image/product/detail/221.jpg,1500,0,0,1,"2021-08-17 00:52:26","2021-08-17 00:52:26"
222,"파일. 선생님 감사해요",public/image/product/big/222.jpg,public/image/product/detail/222.jpg,1500,0,0,1,"2021-08-17 00:52:26","2021-08-17 00:52:26"
223,"쉿 비밀펜",public/image/product/big/223.jpg,public/image/product/detail/223.jpg,2500,0,0,1,"2021-08-17 00:52:26","2021-08-17 00:52:26"
224,"매거진F No.12 Kimchi",public/image/product/big/224.jpg,public/image/product/detail/224.jpg,13500,15000,10,3,"2021-08-17 00:52:26","2021-08-17 00:52:26"
225,"미니갑티슈. 티었슈?",public/image/product/big/225.jpg,public/image/product/detail/225.jpg,2200,0,0,2,"2021-08-17 00:52:26","2021-08-17 00:52:26"
226,"뱃지. 쌀국수",public/image/product/big/226.jpg,public/image/product/detail/226.jpg,5500,0,0,2,"2021-08-17 00:52:26","2021-08-17 00:52:26"
227,"뱃지. 떡볶이",public/image/product/big/227.jpg,public/image/product/detail/227.jpg,5500,0,0,2,"2021-08-17 00:52:26","2021-08-17 00:52:26"
228,"뱃지. 짜장면",public/image/product/big/228.jpg,public/image/product/detail/228.jpg,5500,0,0,2,"2021-08-17 00:52:26","2021-08-17 00:52:26"
229,"뱃지. 쌀밥",public/image/product/big/229.jpg,public/image/product/detail/229.jpg,5500,0,0,2,"2021-08-17 00:52:26","2021-08-17 00:52:26"
230,"뱃지. 햄버거",public/image/product/big/230.jpg,public/image/product/detail/230.jpg,5500,0,0,2,"2021-08-17 00:52:26","2021-08-17 00:52:26"
231,"ㅋㅋ반팔티셔츠 블랙",public/image/product/big/231.jpg,public/image/product/detail/231.jpg,25000,0,0,5,"2021-08-17 00:52:26","2021-08-17 00:52:26"
232,"매거진F No.13 Clam",public/image/product/big/232.jpg,public/image/product/detail/232.jpg,13500,15000,10,3,"2021-08-17 00:52:26","2021-08-17 00:52:26"
233,"에코백. 난 너의 든든한 빽 (화이트)",public/image/product/big/233.jpg,public/image/product/detail/233.jpg,15000,0,0,2,"2021-08-17 00:52:26","2021-08-17 00:52:26"
234,"에코백. 난 너의 든든한 빽 (블랙)",public/image/product/big/234.jpg,public/image/product/detail/234.jpg,15000,0,0,2,"2021-08-17 00:52:26","2021-08-17 00:52:26"
235,"크로스에코백. 난 너의 든든한 빽 (화이트)",public/image/product/big/235.jpg,public/image/product/detail/235.jpg,17000,0,0,2,"2021-08-17 00:52:26","2021-08-17 00:52:26"
236,"크로스에코백. 난 너의 든든한 빽 (블랙)",public/image/product/big/236.jpg,public/image/product/detail/236.jpg,17000,0,0,2,"2021-08-17 00:52:26","2021-08-17 00:52:26"
237,"ㅋㅋ웃기는 양말 (화이트)",public/image/product/big/237.jpg,public/image/product/detail/237.jpg,5500,0,0,5,"2021-08-17 00:52:26","2021-08-17 00:52:26"
238,"ㅋㅋ웃기는 양말 (블랙)",public/image/product/big/238.jpg,public/image/product/detail/238.jpg,5500,0,0,5,"2021-08-17 00:52:26","2021-08-17 00:52:26"
239,"ㅋㅋ한 줄 양말 (화이트)",public/image/product/big/239.jpg,public/image/product/detail/239.jpg,5500,0,0,5,"2021-08-17 00:52:26","2021-08-17 00:52:26"
240,"ㅋㅋ한 줄 양말 (블랙)",public/image/product/big/240.jpg,public/image/product/detail/240.jpg,5500,0,0,5,"2021-08-17 00:52:26","2021-08-17 00:52:26"
241,"ㅋㅋ안 보이는 양말 (화이트)",public/image/product/big/241.jpg,public/image/product/detail/241.jpg,4000,0,0,5,"2021-08-17 00:52:26","2021-08-17 00:52:26"
242,"ㅋㅋ안 보이는 양말 (블랙)",public/image/product/big/242.jpg,public/image/product/detail/242.jpg,4000,0,0,5,"2021-08-17 00:52:26","2021-08-17 00:52:26"
243,"양말. 왼발오른발 (화이트)",public/image/product/big/243.jpg,public/image/product/detail/243.jpg,5500,0,0,2,"2021-08-17 00:52:26","2021-08-17 00:52:26"
244,"양말. 왼발오른발 (블랙)",public/image/product/big/244.jpg,public/image/product/detail/244.jpg,5500,0,0,2,"2021-08-17 00:52:26","2021-08-17 00:52:26"
245,"ㅋㅋ골고루 양말 세트",public/image/product/big/245.jpg,public/image/product/detail/245.jpg,26000,27500,5,8,"2021-08-17 00:52:26","2021-08-17 00:52:26"
246,"ㅋㅋ안 보이는 양말 세트",public/image/product/big/246.jpg,public/image/product/detail/246.jpg,19000,20000,5,8,"2021-08-17 00:52:26","2021-08-17 00:52:26"
247,"왼발오른발 양말 세트",public/image/product/big/247.jpg,public/image/product/detail/247.jpg,26000,27500,5,8,"2021-08-17 00:52:26","2021-08-17 00:52:26"
248,"미니갑티슈 세트. 티었슈?",public/image/product/big/248.jpg,public/image/product/detail/248.jpg,8000,8800,9,8,"2021-08-17 00:52:26","2021-08-17 00:52:26"
249,"작은 쇼핑백. 축복",public/image/product/big/249.jpg,public/image/product/detail/249.jpg,1800,0,0,1,"2021-08-17 00:52:26","2021-08-17 00:52:26"
250,"큰 쇼핑백. 뭘 이런걸 다",public/image/product/big/250.jpg,public/image/product/detail/250.jpg,2300,0,0,1,"2021-08-17 00:52:26","2021-08-17 00:52:26"
251,"생활공감 에코백. 따지고 보면",public/image/product/big/251.jpg,public/image/product/detail/251.jpg,15000,0,0,2,"2021-08-17 00:52:26","2021-08-17 00:52:26"
252,"생활공감 에코백. 아 저는 뭐",public/image/product/big/252.jpg,public/image/product/detail/252.jpg,15000,0,0,2,"2021-08-17 00:52:26","2021-08-17 00:52:26"
253,"생활공감 에코백. 우유부단",public/image/product/big/253.jpg,public/image/product/detail/253.jpg,15000,0,0,2,"2021-08-17 00:52:26","2021-08-17 00:52:26"
254,"피규어. 독고배달이",public/image/product/big/254.jpg,public/image/product/detail/254.jpg,15000,0,0,7,"2021-08-17 00:52:26","2021-08-17 00:52:26"
255,"피규어세트. 배달이친구들 5종",public/image/product/big/255.jpg,public/image/product/detail/255.jpg,13000,15000,13,10,"2021-08-17 00:52:26","2021-08-17 00:52:26"
256,"피규어. 냥이배달이",public/image/product/big/256.jpg,public/image/product/detail/256.jpg,3000,0,0,7,"2021-08-17 00:52:26","2021-08-17 00:52:26"
257,"피규어. 메이배달이",public/image/product/big/257.jpg,public/image/product/detail/257.jpg,3000,0,0,7,"2021-08-17 00:52:26","2021-08-17 00:52:26"
258,"피규어. 엉클배달이",public/image/product/big/258.jpg,public/image/product/detail/258.jpg,3000,0,0,7,"2021-08-17 00:52:26","2021-08-17 00:52:26"
259,"피규어. 왕배달이",public/image/product/big/259.jpg,public/image/product/detail/259.jpg,3000,0,0,7,"2021-08-17 00:52:26","2021-08-17 00:52:26"
260,"포스터. 독고배달이",public/image/product/big/260.jpg,public/image/product/detail/260.jpg,2000,0,0,7,"2021-08-17 00:52:26","2021-08-17 00:52:26"
261,"포스터. 냥이배달이",public/image/product/big/261.jpg,public/image/product/detail/261.jpg,2000,0,0,7,"2021-08-17 00:52:26","2021-08-17 00:52:26"
262,"포스터. 메이배달이",public/image/product/big/262.jpg,public/image/product/detail/262.jpg,2000,0,0,7,"2021-08-17 00:52:26","2021-08-17 00:52:26"
263,"포스터. 봉다리배달이",public/image/product/big/263.jpg,public/image/product/detail/263.jpg,2000,0,0,7,"2021-08-17 00:52:26","2021-08-17 00:52:26"
264,"포스터. 왕배달이",public/image/product/big/264.jpg,public/image/product/detail/264.jpg,2000,0,0,7,"2021-08-17 00:52:26","2021-08-17 00:52:26"
265,"0원 세트",public/image/product/big/265.jpg,public/image/product/detail/265.jpg,0,33900,100,10,"2021-08-17 00:52:26","2021-08-17 00:52:26"
266,"매거진F 파운드:",public/image/product/big/266.jpg,public/image/product/detail/266.jpg,16200,18000,10,3,"2021-08-17 00:52:26","2021-08-17 00:52:26"
267,"종이로 만든 박스테이프. 60초 후에",public/image/product/big/267.jpg,public/image/product/detail/267.jpg,4500,0,0,4,"2021-08-17 00:52:26","2021-08-17 00:52:26"
268,"종이로 만든 박스테이프. 두근두근",public/image/product/big/268.jpg,public/image/product/detail/268.jpg,4500,0,0,4,"2021-08-17 00:52:26","2021-08-17 00:52:26"
269,"자투리 비누. 예쁘지는 않지만 사랑스러워",public/image/product/big/269.jpg,public/image/product/detail/269.jpg,4500,0,0,9,"2021-08-17 00:52:26","2021-08-17 00:52:26"
270,"을지로 연필. 사각사각",public/image/product/big/270.jpg,public/image/product/detail/270.jpg,2000,0,0,6,"2021-08-17 00:52:26","2021-08-17 00:52:26"
271,"을지로 일회용캬메라. 잘 나왔다",public/image/product/big/271.jpg,public/image/product/detail/271.jpg,2000,0,0,6,"2021-08-17 00:52:26","2021-08-17 00:52:26"
272,"을지로 목장갑. 위잉 뚝딱",public/image/product/big/272.jpg,public/image/product/detail/272.jpg,6000,0,0,6,"2021-08-17 00:52:26","2021-08-17 00:52:26"
273,"키크니. 별일 없이 산다 (특별 패키지)",public/image/product/big/273.jpg,public/image/product/detail/273.jpg,26000,0,0,3,"2021-08-17 00:52:26","2021-08-17 00:52:26"
274,"을지로 마스킹테이프. 십메다 줄자",public/image/product/big/274.jpg,public/image/product/detail/274.jpg,4500,0,0,6,"2021-08-17 00:52:26","2021-08-17 00:52:26"
275,"을지로에서 만든 뱃지. 고양이",public/image/product/big/275.jpg,public/image/product/detail/275.jpg,5500,0,0,6,"2021-08-17 00:52:26","2021-08-17 00:52:26"
276,"을지로에서 만든 뱃지. 바퀴",public/image/product/big/276.jpg,public/image/product/detail/276.jpg,5500,0,0,6,"2021-08-17 00:52:26","2021-08-17 00:52:26"
277,"을지로에서 만든 뱃지. 셔터",public/image/product/big/277.jpg,public/image/product/detail/277.jpg,5500,0,0,6,"2021-08-17 00:52:26","2021-08-17 00:52:26"
278,"을지로에서 만든 뱃지. 페인트통",public/image/product/big/278.jpg,public/image/product/detail/278.jpg,5500,0,0,6,"2021-08-17 00:52:26","2021-08-17 00:52:26"
279,"을지로에서 만든 뱃지. 사장",public/image/product/big/279.jpg,public/image/product/detail/279.jpg,5500,0,0,6,"2021-08-17 00:52:26","2021-08-17 00:52:26"
280,"을지로에서 만든 뱃지. 장인",public/image/product/big/280.jpg,public/image/product/detail/280.jpg,5500,0,0,6,"2021-08-17 00:52:26","2021-08-17 00:52:26"
281,"을지로에서 만든 은수저",public/image/product/big/281.jpg,public/image/product/detail/281.jpg,120000,0,0,6,"2021-08-17 00:52:26","2021-08-17 00:52:26"
282,"을지로에서 만든 쟁반",public/image/product/big/282.jpg,public/image/product/detail/282.jpg,90000,0,0,6,"2021-08-17 00:52:26","2021-08-17 00:52:26"
283,"을지로 사진 엽서",public/image/product/big/283.jpg,public/image/product/detail/283.jpg,1000,0,0,6,"2021-08-17 00:52:26","2021-08-17 00:52:26"
284,"을지로 사진 엽서. 정사각형",public/image/product/big/284.jpg,public/image/product/detail/284.jpg,1000,0,0,6,"2021-08-17 00:52:26","2021-08-17 00:52:26"
285,"을지로 사진 엽서. 파노라마형",public/image/product/big/285.jpg,public/image/product/detail/285.jpg,1000,0,0,6,"2021-08-17 00:52:26","2021-08-17 00:52:26"
286,"2021 일력. 오늘에 집중",public/image/product/big/286.jpg,public/image/product/detail/286.jpg,1000,0,0,2,"2021-08-17 00:52:26","2021-08-17 00:52:26"
287,"2021 다이어리. 오늘에 집중",public/image/product/big/287.jpg,public/image/product/detail/287.jpg,1000,0,0,1,"2021-08-17 00:52:26","2021-08-17 00:52:26"
288,"매거진F No.14 Beer",public/image/product/big/288.jpg,public/image/product/detail/288.jpg,13500,15000,10,3,"2021-08-17 00:52:26","2021-08-17 00:52:26"
289,"떡볶이 테이스팅 노트. 먹고쓰자",public/image/product/big/289.jpg,public/image/product/detail/289.jpg,3500,0,0,1,"2021-08-17 00:52:26","2021-08-17 00:52:26"
290,"요모포켓X배달이친구들 독고배달이 포켓",public/image/product/big/290.jpg,public/image/product/detail/290.jpg,64000,0,0,7,"2021-08-17 00:52:26","2021-08-17 00:52:26"
291,"요모포켓X배달이친구들 메이배달이 포켓",public/image/product/big/291.jpg,public/image/product/detail/291.jpg,64000,0,0,7,"2021-08-17 00:52:26","2021-08-17 00:52:26"
292,"요모포켓X배달이친구들 엉클배달이 포켓",public/image/product/big/292.jpg,public/image/product/detail/292.jpg,64000,0,0,7,"2021-08-17 00:52:26","2021-08-17 00:52:26"
293,립볶이에디션,public/image/product/big/293.jpg,public/image/product/detail/293.jpg,64000,0,0,9,"2021-08-17 00:52:26","2021-08-17 00:52:26"
294,"떡볶이 키트.떡볶이가 필요해",public/image/product/big/294.jpg,public/image/product/detail/294.jpg,11000,30000,63,8,"2021-08-17 00:52:26","2021-08-17 00:52:26"
295,"매거진F No.15 Egg",public/image/product/big/295.jpg,public/image/product/detail/295.jpg,13500,15000,10,3,"2021-08-17 00:52:26","2021-08-17 00:52:26"
296,"스웨거X배민. 룸 스프레이 집중",public/image/product/big/296.jpg,public/image/product/detail/296.jpg,15200,19000,20,9,"2021-08-17 00:52:26","2021-08-17 00:52:26"
297,"화학표백을 하지 않은 재생지로 만든 메모잇",public/image/product/big/297.jpg,public/image/product/detail/297.jpg,2300,0,0,4,"2021-08-17 00:52:26","2021-08-17 00:52:26"
298,"커피찌꺼기를 재활용해 손으로 만든 연필",public/image/product/big/298.jpg,public/image/product/detail/298.jpg,2500,0,0,4,"2021-08-17 00:52:26","2021-08-17 00:52:26"
299,"재생지에 콩기름으로 인쇄한 일기장",public/image/product/big/299.jpg,public/image/product/detail/299.jpg,3500,0,0,4,"2021-08-17 00:52:26","2021-08-17 00:52:26"
300,"유해물질이 나오지 않는 지우개",public/image/product/big/300.jpg,public/image/product/detail/300.jpg,1500,0,0,4,"2021-08-17 00:52:26","2021-08-17 00:52:26"
301,"업사이클링 스탠드그립 세트. 맥주",public/image/product/big/301.jpg,public/image/product/detail/301.jpg,18900,0,0,9,"2021-08-17 00:52:26","2021-08-17 00:52:26"
302,"업사이클링 명함케이스. 맥주짠",public/image/product/big/302.jpg,public/image/product/detail/302.jpg,16900,0,0,9,"2021-08-17 00:52:26","2021-08-17 00:52:26"
303,"매거진F No.16 Namul",public/image/product/big/303.jpg,public/image/product/detail/303.jpg,13500,15000,10,3,"2021-08-17 00:52:26","2021-08-17 00:52:26"
304,"버추얼굿즈. 당신을 위한 의자",public/image/product/big/304.jpg,public/image/product/detail/304.jpg,13500,0,0,2,"2021-08-17 00:52:26","2021-08-17 00:52:26"
305,"플리츠마마X배달의민족. 텀블러백",public/image/product/big/305.jpg,public/image/product/detail/305.jpg,29000,49000,40,4,"2021-08-17 00:52:26","2021-08-17 00:52:26"
306,"세븐일레븐X배민. 저칼로리 아이스크림 3종",public/image/product/big/306.jpg,public/image/product/detail/306.jpg,29000,0,0,9,"2021-08-17 00:52:26","2021-08-17 00:52:26"
307,"매거진F No.17 Icecream",public/image/product/big/307.jpg,public/image/product/detail/307.jpg,13500,15000,10,3,"2021-08-17 00:52:26","2021-08-17 00:52:26"
308,"매거진F No.17 Icecream",public/image/product/big/307.jpg,public/image/product/detail/307.jpg,13500,15000,10,3,"2021-08-17 00:52:26","2021-08-17 00:52:26"
